date,NUE,STLD,LKQ,NSC,CLF,AA,VMC,MLM,price_ferrous,inventory_ferrous,orders_ferrous,price_non_ferrous,inventory_non_ferrous,orders_non_ferrous,NFP,InterestRate,UnemploymentRate,PPI,CPI,PCE,IPI,ConsumerSentiment,RetailSales,HousingStarts,HPI,NUE_sentiment,STLD_sentiment,NSC_sentiment,CLF_sentiment,AA_sentiment,Barrington_3_Sw_IL,Chicago_Area,Chicago_Midway_3_IL,Chicago_Northerly_IL,Chicago_O_Hare_AP_IL,De_Kalb_IL,Dwight_IL,Elgin_IL,Joliet_Brandon_R_IL,Kankakee_Metro_W_IL,Lisle_Morton_Arb_IL,Lowell_IN,Marseilles_Lock_IL,Mchenry_Stratton_IL,Ottawa_5_Sw_IL,Park_Forest_IL,Paw_Paw_2_Nw_IL,Paxton_2_Wsw_IL,Peru_IL,Rockford_Area,Rockford_Greater_IL,Wanatah_2_Wnw_IN,Scrap_3_Price,Scrap_9_Price,Scrap_16_Price,Target
2010-01-31,27.451,10.893,9.012,34.033,33.32,27.704,39.069,67.288,117.6,1667.0,1300.0,234.9,9894.0,8055.0,129798.0,0.11,9.8,181.9,217.488,10056.1,89.1911,74.4,346046.0,614.0,145.003,1.75,1.0,0.0,1.0,1.0484,18.7,21.9,22.7,25.2,21.9,16.9,17.2,18.8,19.5,,20.1,20.1,17.4,19.1,18.4,20.9,15.8,18.4,17.1,18.3,18.3,21.0,383.83660714285713,344.46875,300.1799,0.0
2010-02-28,27.855,11.718,9.205,37.193,47.04,28.944,38.379,67.322,118.3,1700.0,1296.0,229.2,10002.0,8071.0,129700.0,0.13,9.8,181.0,217.281,10093.4,89.4972,73.6,346702.0,604.0,143.053,1.6667,1.0,2.0,1.625,1.4286,23.9,26.7,27.6,30.4,26.7,23.2,22.7,24.6,24.4,22.9,24.9,23.8,22.8,23.4,24.9,25.5,21.7,21.8,22.5,24.2,24.2,24.2,393.6785714285714,339.54776785714284,300.1799,0.0038
2010-03-31,30.533,12.536,9.757,40.701,59.297,31.058,41.998,71.35,147.6,1689.0,1411.0,235.0,10087.0,9194.0,129864.0,0.16,9.9,183.3,217.353,10156.0,90.1419,73.6,354147.0,636.0,143.597,1.25,1.6667,1.0,1.3636,1.3684,39.1,41.7,42.8,41.8,41.7,39.5,40.0,,41.6,,40.0,41.0,40.2,37.8,42.4,41.5,38.4,40.9,40.9,41.3,41.3,39.5,462.5723214285714,388.7575892857143,354.3107,0.1668
2010-04-30,30.735,11.329,10.128,43.206,52.26,29.292,50.924,81.88,148.0,1724.0,1412.0,242.9,10276.0,8757.0,130115.0,0.2,9.9,184.4,217.403,10182.3,90.4591,72.2,357304.0,687.0,145.404,1.5,2.0,1.5,1.75,1.2063,53.6,54.6,55.8,54.4,54.6,54.8,55.3,,56.2,,54.0,55.0,55.4,53.0,57.7,55.7,54.1,55.4,56.7,54.8,54.8,52.7,472.4142857142857,388.7575892857143,354.3107,0.0071
2010-05-31,29.195,10.572,8.854,41.116,46.685,25.388,44.879,79.617,143.3,1742.0,1442.0,236.3,10315.0,8993.0,130645.0,0.2,9.6,184.8,217.29,10210.8,91.702,73.6,354015.0,583.0,147.04,2.0,,1.0,1.5455,0.9787,60.5,61.7,62.6,61.2,61.7,61.8,62.2,61.1,62.3,63.3,60.6,61.4,61.4,59.9,63.6,62.9,60.5,62.3,62.1,61.6,61.6,61.6,457.65133928571424,349.3897321428571,329.7058,-0.0673
2010-06-30,25.96,9.506,9.267,38.854,39.511,21.994,39.165,72.426,120.4,1799.0,1386.0,227.2,10240.0,8738.0,130501.0,0.18,9.4,183.5,217.199,10231.3,91.8997,76.0,353683.0,536.0,147.706,1.5,1.2,1.0,1.3,0.9512,69.1,71.2,71.8,71.9,71.2,70.7,71.9,69.9,71.6,73.2,70.7,71.9,71.3,68.8,72.7,72.3,69.4,72.5,72.2,70.4,70.4,70.9,447.809375,344.46875,329.7058,-0.0119
2010-07-31,26.778,10.375,9.508,41.212,47.395,24.421,40.425,73.239,111.4,1791.0,1380.0,226.2,10349.0,8869.0,130420.0,0.18,9.4,184.1,217.605,10268.1,92.2522,67.8,354622.0,546.0,147.566,0.8571,1.5,1.7333,1.1176,1.32,74.7,77.6,78.6,78.9,77.6,75.4,74.6,76.3,76.1,77.2,76.2,75.6,74.6,74.0,77.0,77.0,73.9,75.0,76.2,75.4,75.4,74.5,403.5205357142857,305.10089285714287,295.2589,-0.1059
2010-08-31,25.163,9.905,8.94,39.315,51.266,22.344,32.847,62.776,119.0,1808.0,1451.0,234.9,10480.0,8987.0,130424.0,0.19,9.5,184.9,217.923,10307.1,92.5899,68.9,356573.0,599.0,146.431,1.5,0.5,1.75,1.4167,1.0625,73.2,76.7,77.2,78.9,76.7,74.0,73.9,74.6,75.1,76.4,74.5,74.2,73.8,73.0,76.2,76.2,72.4,74.1,75.2,74.6,74.6,73.1,403.5205357142857,336.59517857142856,324.7848,0.0677
2010-09-30,26.135,10.223,9.998,43.86,53.676,26.545,33.207,66.362,127.1,1825.0,1441.0,241.9,10670.0,9396.0,130339.0,0.19,9.5,184.9,218.275,10327.1,92.8564,68.2,359257.0,594.0,144.612,1.1875,0.8333,1.3636,1.2143,1.5,62.4,65.1,66.1,68.6,65.1,64.0,64.9,63.3,65.3,66.6,64.3,64.8,64.5,61.8,66.8,65.7,63.7,66.1,65.9,64.7,64.7,63.7,423.2044642857143,364.15267857142857,344.4688,0.0638
2010-10-31,26.401,10.59,10.454,45.32,54.751,28.802,32.838,69.389,120.8,1841.0,1509.0,253.1,10915.0,9200.0,130620.0,0.19,9.4,186.6,219.035,10386.4,92.6037,67.7,363557.0,543.0,143.133,1.125,1.3333,1.6316,1.3571,1.4127,53.7,56.0,56.7,60.3,56.0,53.8,54.2,54.5,55.6,55.8,53.5,53.8,53.1,52.2,56.2,56.2,54.0,53.2,54.9,55.4,55.4,,383.83660714285713,334.6267857142857,314.9429,-0.0866
2010-11-30,26.07,11.632,10.373,44.347,57.388,28.78,36.085,72.889,122.2,1858.0,1495.0,260.8,11203.0,9368.0,130754.0,0.19,9.8,187.7,219.59,10433.6,92.6773,71.6,367050.0,545.0,141.823,1.3333,2.0,1.1,1.1111,1.2381,40.0,41.5,43.1,46.1,41.5,40.3,40.3,40.6,41.8,42.5,41.1,41.0,41.0,39.3,43.3,42.5,39.3,41.8,41.4,41.6,41.6,,383.83660714285713,354.31071428571425,334.6268,0.0404
2010-12-31,30.27,13.329,10.921,46.569,65.647,33.811,40.176,79.903,135.8,1881.0,1445.0,264.1,11494.0,9166.0,130835.0,0.18,9.3,189.7,220.472,10471.0,93.5851,74.5,369192.0,539.0,140.632,1.2857,2.0,2.0,1.6923,1.5833,19.7,22.5,24.1,27.2,22.5,17.2,17.1,19.4,20.5,19.9,20.8,19.3,18.2,19.8,19.8,21.3,16.3,18.0,17.8,20.4,20.4,,433.0464285714286,398.5995535714285,378.9156,0.1285
2011-01-31,31.974,13.311,11.613,45.36,71.916,36.403,38.546,72.332,166.2,1856.0,1483.0,269.7,11722.0,9506.0,130842.0,0.17,9.1,192.7,221.187,10514.3,93.3944,74.2,371782.0,630.0,139.04,1.3529,0.875,1.2727,1.4,1.3714,18.9,20.6,22.3,25.0,20.6,17.5,19.1,19.8,21.0,21.0,20.1,20.1,19.2,18.3,20.7,21.2,16.1,19.6,19.1,19.9,19.9,,487.1772321428571,462.5723214285714,433.0464,0.1428
2011-02-28,33.402,13.501,11.421,48.614,81.687,37.018,41.526,76.975,164.3,1908.0,1490.0,275.9,11861.0,9748.0,131052.0,0.16,9.0,195.8,221.898,10540.6,92.993,77.5,375001.0,517.0,137.735,2.0,1.6,2.0,1.6154,1.125,22.6,26.2,28.1,30.7,26.2,22.5,24.8,24.6,27.5,26.7,25.2,24.4,24.4,23.2,26.1,25.9,,26.4,25.3,24.6,24.6,,477.3352678571428,447.809375,418.2835,-0.0287
2011-03-31,32.051,13.728,11.584,51.683,82.836,38.865,41.534,78.036,157.4,1939.0,1520.0,274.5,12041.0,9924.0,131277.0,0.14,9.0,199.2,223.046,10619.7,93.982,67.5,378434.0,600.0,137.788,1.3333,2.0,1.8889,1.3,1.6667,34.5,36.3,37.9,,36.3,34.9,37.5,34.9,37.9,38.6,35.8,37.5,36.7,33.1,38.9,36.9,34.9,39.3,37.3,37.4,37.4,,477.3352678571428,447.809375,418.2835,0.0
2011-04-30,32.964,13.375,12.122,55.719,78.992,37.413,41.17,79.358,158.8,1926.0,1496.0,281.0,12188.0,9953.0,131604.0,0.1,9.1,203.1,224.093,10652.1,93.6525,69.8,380295.0,554.0,139.16,1.25,1.75,1.5833,1.2222,1.1923,45.9,47.7,49.3,49.3,47.7,46.2,47.9,46.4,48.5,49.1,46.5,48.2,47.7,44.8,49.8,47.7,45.8,49.8,48.0,48.9,48.9,,487.1772321428571,447.809375,418.2835,0.0069
2011-05-31,29.721,12.574,12.781,54.697,76.556,36.995,36.88,74.546,144.3,1932.0,1471.0,277.2,12331.0,9925.0,131704.0,0.09,9.0,204.1,224.806,10672.2,93.7775,74.3,380140.0,561.0,140.694,1.0,1.0,0.8889,1.5556,1.4231,57.4,57.9,59.6,,57.9,58.9,59.5,58.9,60.1,60.4,58.6,59.0,59.5,56.4,61.3,59.2,58.7,60.5,59.5,59.6,59.6,57.5,482.25625,428.1254464285714,398.5996,-0.0337
2011-06-30,28.935,11.949,12.54,56.207,78.034,34.965,35.317,69.93,147.0,1906.0,1463.0,277.5,12469.0,10739.0,131936.0,0.09,9.1,203.9,224.806,10694.8,94.0467,71.5,383141.0,608.0,141.946,1.3333,1.4,1.5455,1.5455,1.5,67.6,69.5,70.8,69.6,69.5,69.4,70.8,69.0,70.8,71.6,69.7,70.3,69.4,67.5,71.6,70.4,69.0,71.1,70.9,70.3,70.3,68.5,501.9401785714285,442.8883928571428,413.3625,0.0374
2011-07-31,27.552,11.559,11.81,56.784,75.814,32.474,31.43,66.126,147.1,1910.0,1506.0,282.8,12503.0,10572.0,131991.0,0.07,9.0,204.6,225.395,10731.6,94.4931,63.7,382882.0,623.0,142.343,1.4444,1.5714,1.6111,1.3,1.1,76.5,79.0,80.3,79.4,79.0,77.6,77.3,77.7,78.4,79.2,77.1,77.0,76.9,75.6,78.6,78.9,75.9,77.3,78.5,78.9,78.9,74.7,506.8611607142857,442.8883928571428,413.3625,0.0033
2011-08-31,25.562,9.42,12.305,50.768,69.931,28.219,32.109,61.938,156.0,1897.0,1559.0,277.9,12495.0,10495.0,132124.0,0.1,9.0,203.2,226.106,10750.3,95.0969,55.8,383682.0,585.0,141.787,1.6667,0.5,1.6667,1.8333,1.3333,70.7,73.5,74.5,76.6,73.5,72.0,71.7,71.8,73.3,73.8,71.4,71.1,71.4,70.2,74.4,72.9,70.4,,72.7,72.6,72.6,68.2,501.9401785714285,442.8883928571428,413.3625,-0.0032
2011-09-30,22.416,7.341,11.613,46.044,43.361,21.143,25.461,55.599,157.9,1905.0,1467.0,274.0,12403.0,10233.0,132345.0,0.08,9.0,203.7,226.597,10783.2,95.0281,59.5,387558.0,650.0,140.169,0.75,1.25,0.75,1.4444,1.3,60.0,62.2,63.5,66.1,62.2,60.4,61.2,61.5,62.1,62.9,61.0,61.3,60.7,59.8,62.7,62.4,59.5,61.1,61.9,61.4,61.4,59.0,501.9401785714285,442.8883928571428,413.3625,0.0
2011-10-31,27.06,9.328,14.026,55.831,57.809,23.772,28.907,63.47,150.1,1939.0,1584.0,257.9,12442.0,10461.0,132557.0,0.07,8.8,201.1,226.75,10802.9,95.6924,60.8,389844.0,610.0,138.411,1.4,1.4,1.6316,1.1667,1.0204,52.1,54.9,55.5,58.0,54.9,53.0,52.5,52.2,54.1,54.3,52.4,52.8,52.9,51.2,55.0,53.9,52.5,52.4,53.7,53.7,53.7,49.8,492.0982142857143,433.0464285714286,403.5205,-0.0219
2011-11-30,28.242,9.843,14.675,57.0,57.462,22.137,29.97,68.826,141.3,1917.0,1585.0,259.4,12479.0,10302.0,132701.0,0.08,8.6,201.4,227.169,10806.8,95.6913,63.7,391167.0,711.0,136.667,2.0,1.0,2.0,0.75,1.5,41.4,44.9,45.6,48.4,44.9,41.0,42.7,42.1,44.3,44.8,42.8,43.4,42.4,40.7,44.0,44.2,40.8,43.3,42.3,41.5,41.5,41.0,442.8883928571428,403.5205357142857,378.9156,-0.0764
2011-12-31,28.342,9.821,14.458,55.305,53.037,19.166,36.365,66.687,152.1,1895.0,1678.0,254.8,12489.0,10308.0,132901.0,0.07,8.5,199.8,227.223,10817.8,96.1938,69.9,391535.0,694.0,135.168,1.5,1.0,1.0,1.3333,1.2857,32.1,35.2,35.8,38.8,35.2,31.2,33.0,32.5,34.2,34.6,33.8,33.9,33.2,31.8,34.6,34.1,30.6,32.8,33.3,32.6,32.6,31.1,492.0982142857143,433.0464285714286,408.4415,0.0874
2012-01-31,32.156,12.002,15.67,54.804,61.459,22.512,40.532,72.966,166.5,1920.0,1697.0,255.1,12381.0,10161.0,133246.0,0.08,8.3,200.7,227.842,10896.8,96.779,75.0,395459.0,723.0,134.168,1.1429,1.7333,1.375,1.1111,1.3913,26.4,30.2,30.9,34.1,30.2,26.1,27.7,26.7,28.8,29.6,28.2,28.5,28.6,26.2,29.4,29.1,25.2,28.6,28.3,27.4,27.4,26.0,511.7821428571429,462.5723214285714,433.0464,0.0561
2012-02-29,31.462,11.144,15.314,52.299,53.998,22.534,41.179,75.938,152.0,1890.0,1749.0,263.5,12541.0,9776.0,133518.0,0.1,8.3,201.6,228.329,10987.2,97.0959,75.3,400155.0,704.0,133.997,1.6667,1.0,0.6667,1.0,1.0,30.9,32.9,33.2,36.1,32.9,29.9,31.0,30.7,33.4,32.8,31.7,31.4,31.3,29.7,33.1,31.8,29.3,31.6,31.7,30.5,30.5,28.8,467.49330357142856,433.0464285714286,408.4415,-0.0691
2012-03-31,31.042,10.941,14.982,50.296,59.14,22.267,39.497,76.072,154.1,1914.0,1680.0,264.9,12602.0,9521.0,133744.0,0.13,8.2,204.2,228.807,10993.9,96.5919,76.2,401556.0,695.0,135.865,1.5,,0.8,1.8,1.4,50.0,53.5,53.9,53.1,53.5,50.6,51.9,50.7,52.8,53.6,51.7,52.1,52.3,49.9,54.4,52.6,50.4,52.5,53.0,52.4,52.4,49.4,455.6829464285714,433.0464285714286,408.4415,-0.0084
2012-04-30,28.579,9.683,16.078,55.721,53.163,21.623,39.571,73.629,149.1,1950.0,1742.0,260.5,12518.0,9727.0,133827.0,0.14,8.2,203.7,229.187,11018.5,97.2942,76.4,399953.0,753.0,138.471,1.0,1.0,1.75,1.0,1.1481,46.9,50.7,50.7,51.9,50.7,48.8,50.6,47.9,51.2,52.1,48.3,50.0,50.5,46.6,52.9,50.7,48.8,51.8,51.2,50.0,50.0,48.4,440.92,423.2044642857143,398.5996,-0.0264
2012-05-31,26.065,7.986,17.515,50.06,41.186,19.0,32.028,59.939,146.9,1957.0,1642.0,254.7,12599.0,8838.0,133935.0,0.16,8.2,201.9,228.713,11006.8,97.4853,79.3,399106.0,708.0,141.048,,,1.5,0.75,2.0,62.0,65.6,65.8,65.4,65.6,64.5,65.1,63.5,65.0,66.4,63.5,62.4,64.2,61.5,66.6,64.8,63.9,66.3,65.9,65.1,65.1,65.1,437.9674107142857,423.2044642857143,398.5996,-0.0022
2012-06-30,27.625,8.88,16.04,55.183,42.488,19.509,36.705,70.427,138.3,1979.0,1533.0,250.5,12602.0,8487.0,134007.0,0.16,8.2,199.8,228.524,10989.8,97.4959,73.2,395630.0,757.0,143.169,1.3333,0.5556,,0.5,0.6,69.3,74.0,74.5,74.8,74.0,71.0,69.8,70.6,71.5,71.8,69.1,69.5,69.6,68.8,72.2,72.2,69.9,69.3,71.5,72.9,72.9,70.1,373.9946428571428,366.1210714285714,342.5004,-0.1406
2012-07-31,28.861,9.853,16.982,56.936,35.247,18.885,35.819,67.139,129.9,1953.0,1596.0,248.1,12712.0,8562.0,134153.0,0.16,8.2,200.1,228.59,11016.8,97.6922,72.3,397399.0,740.0,144.282,2.0,,1.2,1.0,0.92,78.1,81.0,82.5,82.3,81.0,79.0,78.7,80.2,80.1,80.1,79.2,76.7,78.9,78.0,81.3,79.7,77.5,78.9,79.1,80.8,80.8,78.0,331.6741964285714,321.83223214285715,296.2431,-0.1231
2012-08-31,27.719,9.341,18.14,55.714,30.894,19.085,35.986,68.247,130.4,1957.0,1369.0,247.1,12778.0,8408.0,134330.0,0.13,8.1,202.7,229.918,11056.0,97.3061,74.3,402164.0,754.0,144.705,1.0,1.0,2.0,1.0,1.5,69.6,73.3,75.2,76.3,73.3,71.6,70.7,71.5,72.3,72.5,70.4,69.8,70.6,69.5,73.9,73.0,70.0,70.1,71.6,71.8,71.8,68.4,413.3625,403.5205357142857,376.9472,0.2575
2012-09-30,28.169,8.592,17.765,49.254,34.206,19.824,43.745,74.433,129.3,1959.0,1507.0,255.2,12878.0,8902.0,134512.0,0.14,7.8,204.4,231.015,11105.3,97.2383,78.3,405251.0,847.0,144.358,2.0,1.0,0.5,0.8889,0.3333,61.4,64.1,65.7,67.6,64.1,62.7,62.4,62.7,64.2,64.9,63.4,62.2,62.5,60.7,65.8,64.1,61.5,62.3,63.4,62.9,62.9,60.6,380.8840178571429,375.9630357142857,352.3423,-0.0707
2012-10-31,29.829,9.748,20.063,47.489,31.706,19.175,42.515,73.93,131.7,1939.0,1515.0,258.7,13072.0,8755.0,134671.0,0.16,7.8,203.5,231.638,11137.4,97.5425,82.6,405422.0,915.0,143.968,,,0.8947,1.2,1.0645,48.1,51.5,52.7,54.2,51.5,49.0,50.0,49.4,51.0,50.9,49.6,50.6,50.5,48.1,52.3,51.1,48.2,49.7,51.1,50.5,50.5,48.7,331.6741964285714,329.70580357142853,305.1009,-0.1288
2012-11-30,30.609,9.964,21.053,47.113,25.132,18.883,48.868,80.837,125.3,1929.0,1460.0,253.8,13007.0,9097.0,134834.0,0.16,7.7,201.8,231.249,11178.4,97.934,82.7,407266.0,833.0,143.961,2.0,2.0,1.0,0.9,2.0,36.9,40.5,41.9,43.8,40.5,37.5,37.8,38.0,39.6,40.2,38.7,38.2,38.3,35.6,40.0,39.7,37.1,37.4,38.9,39.2,39.2,36.6,383.83660714285713,380.8840178571429,353.3265,0.1569
2012-12-31,32.081,10.589,20.284,48.253,34.324,19.489,48.148,85.078,125.9,1931.0,1517.0,257.6,13079.0,9214.0,135075.0,0.16,7.9,201.5,231.221,11181.2,98.1984,72.9,408758.0,976.0,143.869,1.0,0.6667,1.6667,1.0,1.5,32.2,36.1,37.3,37.6,36.1,32.1,34.2,32.7,35.5,36.2,35.0,35.5,34.3,32.4,35.5,36.1,31.1,34.5,33.7,33.4,33.4,33.5,383.83660714285713,379.8998214285714,353.3265,-0.0009
2013-01-31,34.489,11.817,21.524,53.738,33.203,19.848,52.32,89.094,126.1,1912.0,1539.0,257.2,13180.0,9932.0,135265.0,0.14,8.0,202.5,231.679,11252.4,98.2029,73.8,412017.0,888.0,144.313,1.5,2.0,1.5,1.0,1.2917,23.2,26.6,27.2,28.4,26.6,23.3,25.6,24.3,26.1,26.8,25.4,25.9,25.6,23.1,26.5,26.3,23.1,25.6,26.1,24.3,24.3,24.3,383.83660714285713,379.8998214285714,352.3423,-0.0009
2013-02-28,33.769,11.864,20.37,57.405,22.657,19.13,47.112,87.65,123.6,1918.0,1505.0,257.8,13268.0,9385.0,135544.0,0.15,7.7,204.3,232.937,11290.5,98.6733,77.6,417067.0,962.0,145.163,,,0.75,0.9048,,21.6,26.1,27.4,28.5,26.1,21.9,24.8,21.6,25.0,27.9,22.9,25.4,24.7,20.8,25.7,25.0,22.9,26.0,24.8,23.6,23.6,23.4,373.9946428571428,371.0420535714285,343.4846,-0.0247
2013-03-31,34.594,12.338,20.918,60.572,17.006,19.194,47.833,92.45,130.0,1915.0,1540.0,253.2,12955.0,9092.0,135689.0,0.14,7.5,204.0,232.282,11290.1,99.0788,78.6,414115.0,1010.0,147.962,1.0,1.6667,1.8,0.7619,1.0,28.6,32.6,33.5,33.3,32.6,28.6,30.4,29.6,31.6,32.2,30.1,31.4,30.2,28.2,31.7,31.7,27.7,31.1,30.4,29.5,29.5,30.0,416.3150892857143,405.4889285714286,375.963,0.1002
2013-04-30,32.961,11.767,23.149,60.839,19.09,19.149,46.149,91.517,128.7,1909.0,1500.0,247.5,12600.0,9361.0,135876.0,0.15,7.6,203.5,231.797,11281.1,98.9658,76.4,411862.0,835.0,150.969,1.0,0.0,1.2,1.3158,1.24,44.8,46.9,47.7,46.4,46.9,44.7,46.4,44.9,46.4,47.7,,46.5,46.4,44.0,48.7,47.1,44.1,46.9,46.8,46.8,46.8,44.4,395.6469642857143,383.83660714285713,355.2949,-0.0527
2013-05-31,33.633,12.01,23.533,60.187,16.138,19.149,49.573,98.803,118.0,1911.0,1518.0,242.5,12645.0,9543.0,136091.0,0.11,7.5,204.1,231.893,11321.6,99.0567,84.5,414350.0,930.0,153.86,,,1.0,1.1667,1.125,59.1,61.0,62.2,58.5,61.0,61.6,62.0,60.6,62.0,63.2,59.9,61.4,61.9,59.3,63.8,61.7,61.4,62.7,62.4,62.0,62.0,60.3,373.9946428571428,362.1842857142857,335.611,-0.0555
2013-06-30,32.734,11.665,24.754,57.462,14.635,17.677,44.798,89.515,116.7,1916.0,1633.0,240.9,12916.0,9499.0,136269.0,0.09,7.5,204.3,232.445,11344.4,99.2424,84.1,415454.0,839.0,156.428,,,,0.75,0.6667,66.1,68.5,69.4,65.9,68.5,68.0,69.2,68.5,69.0,70.0,68.3,66.0,68.5,65.6,68.7,68.6,67.8,69.2,69.2,69.3,69.3,67.3,373.9946428571428,354.31071428571425,329.7058,-0.0131
2013-07-31,35.648,12.267,25.062,57.865,17.571,17.971,43.659,90.588,120.7,1938.0,1511.0,235.3,12749.0,9339.0,136391.0,0.09,7.3,204.4,232.9,11372.6,98.9258,85.1,418215.0,880.0,158.288,,1.0,0.8,1.25,1.25,70.3,73.2,74.5,72.7,73.2,72.0,70.6,71.3,72.5,72.3,71.5,70.8,70.6,70.4,72.9,72.7,69.8,70.2,71.8,72.6,72.6,68.9,403.5205357142857,370.05785714285713,347.4213392857143,0.059
2013-08-31,34.665,12.031,28.109,57.481,18.796,17.406,44.233,87.36,120.3,1962.0,1449.0,240.5,12791.0,9302.0,136635.0,0.08,7.2,204.2,233.456,11406.6,99.5059,82.1,417389.0,917.0,159.396,,,,2.0,1.0,69.2,73.0,74.4,73.7,73.0,71.1,69.7,70.6,71.7,72.3,70.1,69.8,69.8,68.7,70.3,72.0,69.1,69.6,70.9,72.1,72.1,67.5,403.5205357142857,360.2158928571428,345.4529464285714,-0.0108
2013-09-30,37.355,13.182,30.637,61.615,18.577,18.425,47.954,89.66,119.7,1975.0,1504.0,240.4,12825.0,9445.0,136819.0,0.08,7.2,203.9,233.544,11445.9,100.0391,77.5,417699.0,850.0,159.675,2.0,1.3333,,1.5,1.4545,63.6,67.2,68.4,68.1,67.2,64.3,65.3,64.3,67.1,68.3,65.3,65.8,65.7,62.0,67.1,67.1,63.7,67.2,65.9,66.5,66.5,63.7,393.6785714285714,351.358125,336.59517857142856,-0.0249
2013-10-31,39.742,14.277,31.753,68.521,23.271,21.035,49.564,89.587,119.8,1996.0,1469.0,239.1,12752.0,9501.0,137039.0,0.09,7.2,202.5,233.669,11498.0,99.9203,73.2,419288.0,925.0,159.558,2.0,2.0,1.0,1.4286,1.0968,50.3,53.1,54.7,54.1,53.1,51.2,52.3,51.3,52.9,53.8,51.2,52.5,51.8,49.0,54.7,53.1,51.2,,52.7,51.7,51.7,51.0,393.6785714285714,353.32651785714285,339.54776785714284,0.0048
2013-11-30,39.197,14.46,31.868,70.267,22.664,21.806,52.174,88.19,120.4,2002.0,1641.0,238.3,12735.0,8902.0,137314.0,0.08,6.9,201.2,234.1,11562.5,100.1661,75.1,420468.0,1100.0,159.365,1.0,1.8,,0.6667,1.5833,34.6,37.5,38.1,39.2,37.5,34.6,35.5,35.0,36.5,36.5,35.5,36.8,35.9,34.2,37.6,37.0,34.5,,36.0,35.3,35.3,36.3,423.2044642857143,383.83660714285713,371.0420535714285,0.0847
2013-12-31,40.978,15.507,31.628,74.386,23.881,24.195,55.007,91.65,128.7,2005.0,1567.0,237.6,12882.0,9159.0,137368.0,0.09,6.7,202.0,234.719,11593.2,100.3777,82.5,422930.0,1002.0,159.282,1.0,,1.3333,,1.4167,20.2,23.3,24.6,25.3,23.3,19.6,22.3,21.1,23.7,24.8,,23.4,22.3,19.8,22.8,23.3,18.8,24.4,21.6,19.4,19.4,23.3,423.2044642857143,408.44151785714286,393.6785714285714,0.0417
2014-01-31,37.374,13.17,26.023,74.193,17.603,26.198,57.146,99.968,141.0,2026.0,1576.0,238.5,12712.0,9004.0,137552.0,0.07,6.6,203.8,235.288,11578.8,99.999,81.2,419051.0,888.0,159.37,1.0,1.5,1.5,1.05,1.025,10.8,15.7,17.1,18.5,15.7,11.3,13.1,12.3,14.4,14.6,,14.2,15.0,10.4,14.4,13.7,11.9,16.7,12.8,12.0,12.0,13.6,433.0464285714286,431.0780357142857,413.3625,0.0429
2014-02-28,38.835,13.92,26.811,73.649,18.25,26.721,62.885,111.862,137.7,2045.0,1666.0,239.0,12881.0,8911.0,137707.0,0.07,6.7,205.7,235.547,11636.9,100.7583,81.6,424784.0,944.0,159.872,,,,1.2609,1.375,13.4,17.3,18.7,20.4,17.3,12.0,11.9,14.0,15.4,15.4,13.6,13.9,13.1,10.9,14.4,16.3,,16.3,12.9,12.4,12.4,14.6,401.5521428571428,401.5521428571428,383.83660714285713,-0.0709
2014-03-31,39.067,14.199,25.331,78.324,18.765,29.37,61.563,118.092,132.5,2077.0,1688.0,238.8,12796.0,9207.0,137986.0,0.08,6.7,207.0,236.028,11722.3,101.7767,80.0,429251.0,970.0,161.189,1.5,,1.5,1.0,1.4,26.2,31.7,32.6,32.1,31.7,26.9,28.3,27.5,29.6,29.8,27.9,28.3,29.1,24.7,29.3,28.5,,31.1,28.3,29.6,29.6,26.9,381.8682142857143,381.8682142857143,369.0736607142857,-0.0455
2014-04-30,40.296,14.677,27.994,76.196,16.252,30.739,59.784,114.394,135.0,2076.0,1670.0,237.8,12995.0,9113.0,138298.0,0.09,6.2,208.3,236.468,11762.3,101.8425,84.1,433581.0,1043.0,162.969,1.5,1.6667,1.2222,1.4615,1.3704,47.0,48.6,50.0,47.9,48.6,47.1,48.2,46.8,48.8,48.9,45.8,48.2,49.5,45.1,50.2,48.4,,49.8,48.8,48.5,48.5,46.5,392.694375,391.71017857142857,378.915625,0.0269
2014-05-31,39.424,13.874,26.667,81.676,14.381,31.059,56.486,112.986,133.9,2085.0,1725.0,239.5,13106.0,9384.0,138501.0,0.09,6.3,208.0,236.918,11807.3,102.2594,81.9,434292.0,1007.0,164.684,1.5,,1.5,0.8889,1.2857,58.9,60.4,63.0,58.5,60.4,59.5,60.3,58.9,60.1,61.1,59.5,,60.3,57.9,61.1,59.9,,61.9,61.3,61.0,61.0,59.6,390.7259821428571,376.9472321428571,365.136875,-0.0264
2014-06-30,38.35,14.42,25.658,83.524,13.933,34.057,59.111,121.891,134.8,2076.0,1695.0,240.1,13259.0,9321.0,138833.0,0.1,6.1,208.3,237.231,11861.7,102.5986,82.5,435487.0,911.0,166.214,1.0,,1.875,1.0,1.4375,68.8,70.9,73.0,67.2,70.9,70.4,70.7,70.5,71.0,71.6,70.5,70.6,70.1,68.4,71.3,70.2,,71.2,70.9,70.9,70.9,70.8,390.7259821428571,359.2316964285714,355.2949107142857,-0.0247
2014-07-31,39.395,17.15,25.148,82.413,16.155,37.487,58.536,114.673,127.5,2103.0,1799.0,244.8,13341.0,9576.0,139076.0,0.09,6.2,208.0,237.498,11904.4,102.8163,81.8,436102.0,1085.0,167.138,2.0,1.4211,1.8,1.1333,1.3953,67.7,70.4,72.4,69.4,70.4,68.3,67.6,68.2,68.6,69.4,68.5,66.8,68.3,66.8,69.9,68.9,,,68.1,69.1,69.1,66.5,390.7259821428571,369.0736607142857,357.26330357142854,0.011
2014-08-31,42.611,18.791,27.302,87.223,13.952,37.991,58.768,120.885,126.8,2129.0,1687.0,246.5,13444.0,9530.0,139258.0,0.09,6.1,207.0,237.46,11983.7,102.6562,82.5,439643.0,984.0,167.452,1.8333,1.3529,1.3333,1.1765,1.0,70.4,73.7,75.5,72.8,73.7,71.2,70.6,71.5,72.0,72.7,71.7,71.2,72.9,69.6,73.5,71.8,70.5,70.6,71.9,72.2,72.2,70.1,390.7259821428571,369.0736607142857,357.26330357142854,0.0
2014-09-30,42.579,18.282,25.562,90.973,9.692,36.869,55.901,119.387,128.6,2123.0,1751.0,246.0,13488.0,9410.0,139563.0,0.09,5.9,206.4,237.477,11991.4,102.9776,84.6,438535.0,1023.0,167.243,1.5,1.6667,,1.5,1.4545,61.3,63.9,66.1,64.0,63.9,62.7,61.8,62.2,63.8,64.4,61.9,62.6,64.0,60.7,64.2,63.7,61.3,62.3,62.9,62.6,62.6,62.6,390.7259821428571,369.0736607142857,359.2316964285714,0.0018
2014-10-31,42.693,18.698,27.465,90.19,10.486,38.404,57.274,108.258,120.0,2127.0,1735.0,241.6,13454.0,9205.0,139805.0,0.09,5.7,203.4,237.43,12064.7,102.9892,86.9,440128.0,1074.0,166.911,1.7143,2.0,0.5556,1.0,1.4643,49.9,52.0,54.7,54.0,52.0,50.6,50.4,51.0,51.7,52.7,51.1,51.1,50.4,48.9,52.4,51.7,49.8,51.7,51.4,51.3,51.3,51.4,373.0104464285714,349.3897321428571,341.5161607142857,-0.0493
2014-11-30,42.353,18.316,27.927,91.005,8.516,39.618,61.349,111.147,105.6,2139.0,1711.0,240.5,13562.0,9033.0,140089.0,0.09,5.8,200.9,236.983,12083.9,103.6402,88.8,441139.0,1001.0,166.659,1.0,2.0,1.2,0.8,0.875,31.1,33.6,36.4,36.1,33.6,30.5,31.6,31.7,32.8,33.1,32.9,32.8,32.1,31.0,32.3,32.0,29.1,32.0,32.0,31.9,31.9,32.8,343.48455357142853,319.8638392857143,310.021875,-0.0853
2014-12-31,38.736,16.041,27.032,89.821,6.761,36.247,61.059,102.469,113.3,2180.0,1632.0,240.3,13525.0,9193.0,140366.0,0.12,5.6,197.0,236.252,12096.1,103.6345,93.6,438604.0,1073.0,166.461,0.7143,1.3333,1.5714,0.75,1.7619,30.5,32.0,34.6,33.6,32.0,30.1,30.7,31.3,32.4,32.5,32.2,32.7,31.1,30.6,32.2,31.9,28.9,32.4,31.7,30.5,30.5,32.5,345.4529464285714,319.8638392857143,312.97446428571425,0.0051
2015-01-31,34.735,13.929,24.812,83.56,6.079,35.925,65.499,100.072,114.1,2161.0,1813.0,234.9,13498.0,9057.0,140562.0,0.11,5.7,192.0,234.747,12066.7,102.8239,98.1,436142.0,1085.0,166.251,1.1111,1.5556,1.6667,1.4167,1.6923,19.1,22.3,25.2,24.9,22.3,19.1,20.8,20.4,21.4,21.8,,20.3,20.7,19.6,22.2,21.0,18.2,21.6,20.0,20.8,20.8,20.4,349.3897321428571,328.7216071428571,319.8638392857143,0.0204
2015-02-28,37.425,14.894,23.629,89.452,6.477,33.951,77.102,132.201,84.4,2145.0,1672.0,230.9,13198.0,9104.0,140829.0,0.11,5.5,191.1,235.342,12116.6,102.1513,95.4,435398.0,886.0,166.633,1.0,1.4,1.5,0.9,0.5,12.8,14.6,18.1,18.5,14.6,12.0,14.5,14.0,15.0,16.7,14.6,14.6,14.1,13.1,16.3,15.5,10.2,16.4,12.8,12.1,12.1,13.6,250.97008928571427,241.128125,226.36517857142857,-0.2802
2015-03-31,37.822,16.431,24.571,84.805,4.555,29.712,78.406,130.216,83.7,2145.0,1430.0,229.0,13178.0,8746.0,140924.0,0.11,5.4,191.5,235.976,12176.1,101.824,93.0,442001.0,960.0,168.09,0.4286,1.0,1.0,0.3333,1.24,32.4,35.4,38.1,36.3,35.4,32.5,32.9,32.8,34.0,34.7,,32.8,32.3,32.0,34.9,33.8,30.9,34.3,34.1,34.6,34.6,31.4,236.20714285714288,231.2861607142857,221.44419642857144,-0.0405
2015-04-30,39.19,18.216,26.023,83.1,5.625,30.862,79.541,132.871,81.4,2148.0,1591.0,229.1,13044.0,8664.0,141202.0,0.12,5.4,190.9,236.222,12209.1,101.244,95.9,442898.0,1190.0,169.97,1.3333,1.2,1.0,0.3333,1.25,49.6,49.4,52.4,49.3,49.4,50.2,50.6,49.4,51.0,52.2,48.7,50.1,49.7,48.6,52.9,49.9,50.8,52.1,51.9,51.0,51.0,48.5,236.20714285714288,231.2861607142857,221.44419642857144,0.0
2015-05-31,37.939,17.952,27.465,76.238,5.028,28.746,83.643,138.795,84.7,2155.0,1574.0,231.2,12949.0,8614.0,141540.0,0.12,5.6,193.4,237.001,12275.4,100.783,90.7,446305.0,1079.0,171.85,2.0,,1.0,2.0,1.1,60.3,60.4,63.5,59.2,60.4,61.1,63.1,60.8,61.9,64.0,61.1,62.8,62.4,59.6,63.4,61.4,60.9,64.9,62.0,61.5,61.5,62.4,236.20714285714288,241.128125,226.36517857142857,0.0216
2015-06-30,35.348,17.055,29.08,72.82,4.1,25.698,78.147,132.155,89.9,2161.0,1672.0,226.1,12683.0,8660.0,141695.0,0.13,5.3,194.8,237.657,12307.9,100.4781,96.1,446649.0,1205.0,173.451,,2.0,0.4,1.25,0.9,66.1,67.4,70.1,65.4,67.4,67.5,68.7,67.6,68.0,69.5,67.7,68.4,68.0,65.6,68.9,67.5,66.7,70.2,68.9,69.3,69.3,68.0,265.7330357142857,270.65401785714283,246.04910714285717,0.1115
2015-07-31,35.686,16.591,30.243,70.295,2.386,22.748,84.749,146.452,85.1,2142.0,1581.0,219.1,12453.0,7825.0,141989.0,0.13,5.2,193.9,238.034,12364.9,101.1052,93.1,450262.0,1146.0,174.496,1.0,1.0,0.8571,0.6429,1.0,70.1,72.3,75.2,71.5,72.3,71.0,70.9,71.4,71.9,72.6,71.1,71.1,71.1,69.4,72.0,71.8,69.8,71.9,71.2,72.4,72.4,70.0,265.7330357142857,260.8120535714286,236.20714285714288,-0.0255
2015-08-31,34.999,16.135,28.83,64.943,3.759,21.78,87.17,156.707,75.6,2136.0,1613.0,213.3,12229.0,7996.0,142130.0,0.14,5.1,191.9,238.033,12396.2,100.9442,91.9,450270.0,1130.0,174.938,,1.5,,1.0,1.25,69.2,71.8,74.3,72.0,71.8,69.7,69.0,70.2,70.5,71.3,69.8,69.6,,68.8,71.1,70.6,68.4,69.8,70.6,71.1,71.1,68.5,246.04910714285717,226.36517857142857,216.5232142857143,-0.0965
2015-09-30,30.358,14.23,27.263,64.139,2.311,22.333,83.143,142.249,75.3,2133.0,1625.0,211.7,12008.0,8105.0,142265.0,0.14,5.0,189.1,237.498,12386.4,100.6507,87.2,448091.0,1224.0,175.045,0.0,1.0,2.0,1.0,1.6154,66.8,69.0,71.7,69.6,69.0,68.2,68.1,68.5,69.3,69.8,69.2,68.6,,67.3,70.1,69.2,67.5,68.9,69.6,69.0,69.0,66.9,236.20714285714288,226.36517857142857,206.68125,-0.0285
2015-10-31,34.533,15.422,28.465,67.187,2.614,20.645,90.022,145.245,54.7,2119.0,1543.0,212.5,11884.0,8017.0,142585.0,0.12,5.0,187.5,237.733,12394.9,100.1871,90.0,447083.0,1058.0,175.051,1.5,2.0,0.75,2.0,0.9,51.9,54.7,56.7,56.4,54.7,53.0,53.1,53.3,54.3,54.8,53.0,53.5,,52.2,55.3,53.9,52.8,54.3,54.4,54.1,54.1,51.9,186.9973214285714,177.15535714285713,157.47142857142856,-0.2213
2015-11-30,33.839,14.52,28.349,79.805,2.121,21.639,95.699,147.351,47.3,2132.0,1435.0,206.4,11628.0,8159.0,142810.0,0.12,5.1,185.7,238.017,12423.2,99.4382,91.3,448892.0,1172.0,175.143,2.0,1.0,1.2857,2.0,1.25,42.4,44.6,47.4,47.9,44.6,41.8,42.2,42.8,43.4,44.7,43.1,43.4,44.0,42.1,44.5,43.8,40.7,44.1,43.8,43.3,43.3,42.7,157.47142857142856,157.47142857142856,127.94553571428573,-0.1522
2015-12-31,32.9,14.921,28.484,71.538,1.496,22.891,88.606,128.18,48.9,2110.0,1661.0,202.4,11637.0,7767.0,143083.0,0.24,5.0,183.5,237.761,12452.0,98.939,92.6,450611.0,1146.0,175.117,1.0,2.0,1.0909,1.4286,1.5,37.2,39.0,41.1,40.4,39.0,37.0,38.4,38.8,39.2,40.1,39.4,39.7,39.4,37.6,39.1,38.8,36.7,40.3,37.6,37.7,37.7,39.2,157.47142857142856,157.47142857142856,127.94553571428573,0.0
2016-01-31,32.193,15.44,26.34,59.622,1.525,16.908,82.29,117.857,52.7,2127.0,1473.0,199.5,11658.0,7561.0,143198.0,0.34,4.8,182.6,237.652,12478.0,99.4558,92.0,447561.0,1092.0,175.038,1.0,0.8,1.5833,1.0,0.9333,21.4,24.7,27.2,27.2,24.7,20.8,22.8,22.5,23.4,25.1,23.5,24.5,24.6,21.1,24.3,24.0,19.6,23.9,22.3,22.9,22.9,24.1,177.15535714285713,186.9973214285714,147.62946428571428,0.1554
2016-02-29,32.416,15.305,26.533,61.88,2.045,20.711,91.927,133.849,54.6,2156.0,1502.0,202.4,11489.0,7444.0,143410.0,0.38,4.9,181.3,237.336,12554.5,98.9136,91.7,451821.0,1225.0,175.283,0.0,1.5,1.0714,1.5,1.6,27.9,30.4,32.5,31.8,30.4,27.7,29.6,29.1,30.3,30.9,29.6,30.1,30.9,27.9,30.4,30.6,27.4,30.1,29.2,29.7,29.7,29.2,177.15535714285713,186.9973214285714,147.62946428571428,0.0
2016-03-31,38.974,18.94,30.695,71.034,2.841,22.315,98.704,150.119,62.3,2181.0,1479.0,207.0,11393.0,7507.0,143666.0,0.36,5.0,182.1,238.08,12537.0,98.1907,91.0,450561.0,1111.0,176.603,1.4,1.5,1.4444,1.0,1.0,41.5,43.3,45.3,42.8,43.3,41.5,42.8,41.5,43.6,44.9,42.4,44.0,43.3,41.2,44.3,43.4,41.2,45.1,43.2,42.9,42.9,41.9,191.91830357142857,206.68125,182.07633928571428,0.1406
2016-04-30,41.349,21.346,30.81,76.888,4.99,26.019,100.63,159.266,78.5,2132.0,1474.0,206.9,11294.0,7203.0,143856.0,0.37,5.1,183.2,238.992,12611.5,98.4669,89.0,452443.0,1163.0,178.497,1.7143,1.75,1.3571,1.4286,1.1667,47.0,47.8,50.0,45.9,47.8,48.0,48.5,47.5,49.4,49.3,47.7,48.6,49.2,46.1,51.4,48.1,47.1,50.2,49.2,49.3,49.3,45.9,241.128125,255.89107142857145,226.36517857142857,0.2459
2016-05-31,40.294,20.906,31.791,71.725,4.053,21.593,109.157,177.91,86.9,2117.0,1425.0,208.0,11194.0,7425.0,143901.0,0.37,4.8,185.3,239.557,12652.7,98.2518,94.7,454003.0,1148.0,180.345,,,0.4444,1.4667,1.1667,58.5,59.7,62.0,58.2,59.7,59.9,59.9,58.9,59.3,60.4,58.2,59.0,59.4,58.3,60.9,58.8,59.0,60.5,60.9,60.9,60.9,58.4,270.65401785714283,275.575,246.04910714285717,0.0954
2016-06-30,41.041,20.745,30.474,73.122,5.369,21.656,112.724,181.074,84.3,2110.0,1200.0,206.3,11209.0,7584.0,144152.0,0.38,4.9,187.6,240.222,12731.2,98.7275,93.5,458757.0,1203.0,181.917,1.0,1.5,1.5,1.3333,1.1562,69.5,71.6,74.1,70.7,71.6,70.9,72.0,70.6,71.7,72.6,70.2,72.1,70.7,69.2,71.5,71.8,70.8,72.8,71.8,71.7,71.7,70.8,270.65401785714283,246.04910714285717,226.36517857142857,-0.0624
2016-07-31,44.919,22.847,33.06,77.116,7.49,24.809,116.114,191.118,80.3,2098.0,1302.0,211.2,11233.0,7740.0,144515.0,0.39,4.8,187.7,240.101,12756.7,98.836,90.0,458192.0,1239.0,183.02,1.2308,1.0,1.5,1.6667,1.3571,72.9,75.5,77.3,74.6,75.5,73.5,72.8,74.3,74.1,74.5,74.0,73.5,73.3,72.8,73.9,74.5,71.5,73.1,73.7,74.9,74.9,72.8,270.65401785714283,236.20714285714288,216.5232142857143,-0.0278
2016-08-31,40.623,20.973,34.694,80.655,5.397,23.548,106.645,172.614,81.1,2061.0,1252.0,213.2,11217.0,7675.0,144664.0,0.4,4.9,186.6,240.545,12788.1,98.7554,89.8,458505.0,1171.0,183.658,2.0,1.5,1.1429,0.8,1.5,73.5,75.8,77.9,75.5,75.8,74.0,73.3,74.4,75.1,75.4,74.9,74.2,73.8,73.5,74.7,74.9,72.1,73.7,73.5,74.5,74.5,73.9,260.8120535714286,236.20714285714288,216.5232142857143,-0.0121
2016-09-30,41.41,21.288,34.089,83.93,5.54,23.757,106.697,169.292,80.9,2052.0,1405.0,211.1,11187.0,7543.0,144961.0,0.4,5.0,186.9,241.176,12846.6,98.6596,91.2,461454.0,1068.0,183.948,0.8,0.8889,1.75,1.0,1.0,67.0,69.6,72.0,71.0,69.6,68.6,68.6,68.4,69.5,69.9,68.4,69.1,69.4,67.1,69.3,69.2,67.6,69.9,69.5,69.3,69.3,67.9,231.2861607142857,214.55482142857144,196.8392857142857,-0.0986
2016-10-31,41.223,23.522,31.032,80.419,5.227,22.429,106.2,175.219,71.4,2051.0,1408.0,212.3,10981.0,7545.0,145069.0,0.4,4.9,186.7,241.741,12867.0,98.7322,87.2,462455.0,1313.0,184.022,1.0,1.1429,1.5,0.75,1.1111,54.8,56.9,59.0,58.9,56.9,56.3,56.6,55.9,57.3,58.4,56.1,57.5,57.0,54.3,58.0,57.0,55.3,57.9,57.2,56.7,56.7,56.9,201.76026785714285,194.87089285714285,177.1553571,-0.1065
2016-11-30,52.48,30.392,31.56,92.059,8.342,28.246,117.88,207.421,84.8,2042.0,1439.0,216.5,11237.0,7616.0,145189.0,0.41,4.7,186.3,242.026,12893.0,98.3452,93.8,462288.0,1140.0,184.234,2.0,1.6667,1.3333,1.1,1.7143,44.9,46.8,48.7,49.1,46.8,45.4,45.1,44.8,46.2,47.7,45.7,46.0,45.8,44.7,47.4,46.3,44.1,45.8,45.8,45.8,45.8,45.5,231.2861607142857,224.3967857142857,201.76026785714285,0.1456
2016-12-31,50.227,30.478,29.465,94.057,7.964,27.485,117.594,209.794,96.9,2056.0,1445.0,220.3,11233.0,7618.0,145408.0,0.54,4.7,188.2,242.637,13005.9,99.0314,98.2,467979.0,1252.0,184.406,1.3333,1.5,2.0,1.1,1.0,22.9,25.0,27.1,27.5,25.0,22.4,25.0,23.8,25.3,27.1,24.7,24.8,25.2,23.5,24.3,24.3,22.5,27.4,24.7,23.8,23.8,25.1,270.65401785714283,265.7330357142857,241.128125,0.1832
2017-01-31,49.321,29.071,30.676,102.229,8.305,35.678,120.582,217.437,102.6,2048.0,1430.0,220.4,11227.0,7607.0,145639.0,0.65,4.7,190.7,243.618,13063.7,98.7987,98.5,473101.0,1190.0,184.657,1.5,0.8333,1.3333,1.0,1.6429,25.7,28.8,30.4,29.9,28.8,25.6,28.2,26.6,29.0,29.8,27.5,29.6,27.9,26.3,28.0,28.9,25.0,30.7,27.0,27.5,27.5,30.5,310.021875,300.1799107142857,275.575,0.1393
2017-02-28,53.125,31.47,30.359,105.336,10.094,33.857,113.328,204.51,102.5,2053.0,1469.0,225.6,11278.0,7893.0,145845.0,0.66,4.6,191.6,244.006,13088.4,98.4322,96.3,472927.0,1271.0,185.023,2.0,0.6667,2.0,1.625,1.5,36.1,38.0,39.7,38.5,38.0,34.9,36.6,35.0,36.3,38.1,36.1,37.4,35.9,35.1,37.6,37.6,34.9,38.5,36.3,36.8,36.8,37.3,300.1799107142857,278.52758928571427,250.97008928571427,-0.0644
2017-03-31,50.705,29.888,28.138,97.96,7.774,33.672,113.44,206.688,109.3,2055.0,1504.0,224.9,11488.0,7894.0,145975.0,0.79,4.4,191.5,243.892,13139.9,99.0663,96.9,472170.0,1190.0,186.532,1.5,2.0,1.0,0.5714,1.5455,35.9,39.5,39.8,38.5,39.5,36.5,38.2,37.1,38.7,39.8,37.4,38.8,38.6,37.3,39.7,37.6,36.4,40.6,38.2,38.8,38.8,36.5,364.15267857142857,317.8954464285714,285.4169642857143,0.1639
2017-04-30,52.401,31.214,30.032,102.789,6.363,33.016,113.817,208.92,106.6,2073.0,1457.0,226.9,11587.0,7880.0,146172.0,0.9,4.4,193.0,244.193,13169.2,100.0082,97.0,473916.0,1146.0,188.546,1.6667,1.75,2.0,1.6,1.25,51.4,53.7,54.6,51.4,53.7,51.3,52.6,51.4,52.9,54.0,51.9,52.7,52.2,52.4,,53.0,50.5,54.6,52.6,53.2,53.2,51.8,344.46875,288.3695535714286,255.89107142857145,-0.0835
2017-05-31,49.641,29.357,30.272,108.511,5.577,32.242,117.366,212.63,107.2,2079.0,1592.0,225.6,11666.0,7575.0,146389.0,0.91,4.4,192.8,244.004,13171.9,100.1286,97.1,471486.0,1157.0,190.543,1.75,1.2222,1.3333,1.1667,1.0,56.3,57.9,58.9,55.4,57.9,56.5,58.1,56.6,57.4,59.3,56.6,58.3,57.0,54.7,59.1,57.0,55.9,59.8,57.3,58.5,58.5,55.7,344.46875,288.3695535714286,255.89107142857145,0.0
2017-06-30,49.445,30.929,31.676,107.024,6.553,31.959,119.515,211.578,103.2,2098.0,1573.0,226.4,11732.0,7410.0,146588.0,1.04,4.3,193.6,244.163,13225.2,100.3233,95.0,473538.0,1249.0,192.271,1.5,1.0,2.0,1.3636,1.3333,69.1,72.4,73.7,70.4,72.4,70.4,71.1,70.2,69.8,72.2,70.0,71.6,69.3,69.1,71.9,71.0,70.3,72.2,71.6,71.5,71.5,69.3,344.46875,278.52758928571427,250.97008928571427,-0.0178
2017-07-31,49.604,30.727,33.223,99.004,7.31,35.629,116.156,215.238,105.2,2132.0,1554.0,227.6,11857.0,7967.0,146772.0,1.15,4.3,193.5,244.243,13263.3,100.0947,93.4,473583.0,1206.0,193.516,1.25,1.2,1.0,1.1667,1.5,71.3,74.6,75.8,73.6,74.6,71.7,72.1,72.9,73.6,74.2,72.5,,71.9,71.8,73.2,73.3,71.1,73.2,73.0,74.0,74.0,72.4,344.46875,278.52758928571427,250.97008928571427,0.0
2017-08-31,47.402,29.894,33.31,105.987,7.916,42.951,114.401,201.511,108.4,2163.0,1669.0,233.7,11953.0,8119.0,146907.0,1.16,4.4,193.8,245.183,13294.6,99.6642,96.8,474421.0,1159.0,194.351,1.5,,,,1.5714,67.7,71.5,72.3,71.6,71.5,68.4,67.3,69.2,68.9,69.7,69.3,,67.7,68.2,69.5,69.3,66.7,68.1,68.5,69.3,69.3,66.5,359.2316964285714,288.3695535714286,260.8120535714286,0.0391
2017-09-30,48.202,29.911,34.598,116.927,6.771,45.633,113.083,196.44,111.2,2171.0,1568.0,240.7,12169.0,7814.0,146999.0,1.15,4.3,194.8,246.435,13417.3,99.7686,95.1,484107.0,1181.0,194.822,0.8,1.1429,1.0,0.8333,1.5,65.4,69.4,70.8,69.0,69.4,66.6,65.8,66.4,67.4,68.5,66.3,,66.7,66.5,67.9,67.9,65.3,66.3,66.8,66.5,66.5,,359.2316964285714,288.3695535714286,260.8120535714286,0.0
2017-10-31,50.082,32.436,36.232,116.202,5.644,46.768,115.116,206.556,100.5,2186.0,1613.0,241.8,12430.0,8193.0,147147.0,1.15,4.2,194.9,246.626,13447.5,100.9981,100.7,485016.0,1257.0,195.089,1.1429,1.0909,0.5,1.25,1.5,54.5,57.6,58.5,58.2,57.6,55.2,56.1,55.1,57.0,58.4,56.1,56.5,57.1,55.6,56.0,56.9,54.5,56.8,55.3,55.5,55.5,51.2,319.8638392857143,258.8436607142857,231.2861607142857,-0.1084
2017-11-30,49.796,33.561,37.895,122.578,6.307,40.631,118.804,198.498,98.7,2210.0,1547.0,243.6,12507.0,8155.0,147377.0,1.16,4.2,195.9,247.284,13540.6,101.2597,98.5,489917.0,1273.0,195.457,1.3333,1.0,1.0,2.0,1.0,36.1,39.7,40.8,41.4,39.7,35.8,37.9,37.1,38.0,39.7,36.9,38.6,37.4,36.6,38.4,38.2,34.6,39.4,37.5,37.3,37.3,38.7,319.8638392857143,258.8436607142857,231.2861607142857,0.0
2017-12-31,55.061,37.597,39.097,128.717,6.827,52.729,121.621,210.993,107.6,2215.0,1614.0,242.4,12477.0,8192.0,147521.0,1.3,4.1,196.3,247.805,13666.1,101.4573,95.9,492859.0,1177.0,195.852,2.0,,,1.0,2.0,24.7,27.2,28.5,29.1,27.2,24.1,26.0,25.2,28.7,27.8,25.9,26.0,26.4,23.1,25.9,26.3,23.9,27.2,25.5,24.6,24.6,25.0,339.54776785714284,288.3695535714286,260.8120535714286,0.1011
2018-01-31,58.332,39.718,40.405,134.029,6.486,50.918,128.281,217.798,118.3,2249.0,1145.0,247.9,12545.0,8419.0,147670.0,1.41,4.0,197.9,248.859,13703.3,101.3939,95.7,490447.0,1299.0,196.119,2.0,1.6667,1.5,1.0,1.5385,20.2,24.6,25.5,25.9,24.6,19.3,19.8,21.5,21.5,21.2,22.3,21.0,20.0,21.0,22.1,22.1,18.5,20.2,20.1,21.0,21.0,23.0,369.0736607142857,329.7058035714286,295.25892857142856,0.1208
2018-02-28,56.973,40.462,37.953,123.547,6.657,44.018,111.54,194.66,120.1,2250.0,1217.0,248.3,12735.0,8617.0,148058.0,1.42,4.1,199.3,249.529,13738.7,101.7656,99.7,493422.0,1277.0,196.908,1.6,1.75,,2.0,2.0,24.3,28.8,30.4,30.3,28.8,23.1,25.7,24.3,26.9,28.9,26.4,27.0,24.4,24.6,25.7,27.1,21.9,29.4,24.7,24.4,24.4,27.6,369.0736607142857,334.6267857142857,295.25892857142856,0.005
2018-03-31,53.218,38.686,36.482,121.194,6.581,44.008,108.416,197.877,125.5,2246.0,982.0,249.0,12701.0,8807.0,148281.0,1.51,4.0,199.3,249.577,13793.2,102.2441,101.4,493123.0,1318.0,198.576,1.6667,1.6,,1.4,1.6667,34.5,36.9,37.7,35.9,36.9,34.8,34.8,35.0,36.6,37.2,35.3,35.1,35.3,34.3,37.3,35.5,34.5,35.8,36.1,36.0,36.0,33.5,369.0736607142857,354.3107142857143,324.78482142857143,0.0529
2018-04-30,54.021,39.374,29.82,128.058,7.026,50.116,106.061,186.318,131.3,2259.0,1240.0,249.7,12861.0,9033.0,148426.0,1.69,4.0,200.3,250.227,13838.4,103.3468,98.8,494303.0,1276.0,200.619,1.0,2.0,1.0,1.5,1.5,38.9,41.2,42.3,39.7,41.2,38.8,40.4,39.7,40.8,41.8,39.0,40.7,40.6,38.7,41.7,40.5,38.7,42.9,41.2,40.4,40.4,39.2,378.915625,373.9946428571429,344.46875,0.0476
2018-05-31,56.274,43.434,30.541,135.359,8.011,47.052,121.302,213.199,128.6,2291.0,1259.0,252.5,13049.0,9045.0,148755.0,1.7,3.8,203.2,250.792,13905.0,102.3911,98.0,500585.0,1357.0,202.457,,,,,1.5,64.3,66.1,67.5,59.1,66.1,65.6,67.8,66.5,66.4,69.1,65.6,67.1,66.5,64.9,68.0,66.1,66.3,70.3,68.2,66.0,66.0,66.4,378.915625,364.15267857142857,334.6267857142857,-0.0183
2018-06-30,54.792,40.376,30.666,135.347,7.983,45.887,122.824,214.066,126.6,2321.0,1317.0,256.3,13270.0,8822.0,148966.0,1.82,4.0,204.2,251.018,13930.4,103.1924,98.2,498989.0,1192.0,204.047,1.6667,0.8,1.5,,1.6667,68.7,71.5,72.5,67.4,71.5,70.6,72.4,70.9,71.5,73.7,71.0,72.2,72.0,70.2,72.1,70.7,70.3,73.5,72.5,71.2,71.2,71.2,388.7575892857143,364.15267857142857,334.6267857142857,0.0087
2018-07-31,59.032,41.548,32.224,151.612,10.217,42.354,106.588,191.148,127.3,2362.0,1321.0,248.2,13423.0,8754.0,149022.0,1.91,3.8,204.3,251.214,13974.8,103.3334,97.9,502441.0,1208.0,204.954,1.6,1.5,1.5,1.8571,1.3333,72.2,76.2,76.8,74.1,76.2,73.1,72.2,73.9,74.3,75.1,73.8,72.9,72.1,74.0,72.9,73.8,71.4,72.8,73.0,72.8,72.8,72.3,398.5995535714285,364.15267857142857,334.6267857142857,0.0084
2018-08-31,55.125,40.348,33.185,155.954,9.517,43.724,105.446,190.477,117.9,2393.0,1344.0,240.9,13426.0,8750.0,149272.0,1.91,3.8,203.4,251.663,14014.0,104.0807,96.2,502076.0,1288.0,205.332,1.0,2.0,1.3333,2.0,,71.8,76.3,77.3,75.7,76.3,72.8,73.0,73.3,74.2,75.1,73.2,73.2,72.6,73.6,73.8,74.1,71.1,73.2,73.2,72.7,72.7,71.9,388.7575892857143,344.46875,314.9428571428571,-0.0459
2018-09-30,55.962,39.872,30.445,162.697,11.988,39.544,106.097,174.814,111.6,2444.0,1361.0,238.8,13415.0,8701.0,149361.0,1.95,3.7,203.6,252.182,14017.8,104.1181,100.1,499995.0,1250.0,205.378,1.0,,1.0,2.0,2.0,65.0,68.9,70.0,68.9,68.9,67.0,67.3,66.0,68.8,69.8,66.9,68.2,68.3,66.7,68.5,68.4,65.8,70.1,67.9,66.5,66.5,66.5,369.0736607142857,319.8638392857143,290.33794642857146,-0.0667
2018-10-31,52.458,35.084,26.215,151.277,10.189,34.249,96.499,164.562,115.6,2485.0,1322.0,240.5,13504.0,9131.0,149526.0,2.19,3.8,204.6,252.772,14083.1,103.9397,98.6,505338.0,1221.0,205.373,1.5,1.3,1.3,1.3333,1.4615,48.8,52.7,53.4,53.7,52.7,49.0,50.8,49.4,51.7,52.4,50.7,51.4,51.9,49.6,53.1,51.7,48.6,53.2,50.4,49.5,49.5,50.7,388.7575892857143,329.7058035714286,300.1799107142857,0.0393
2018-11-30,53.603,31.186,26.763,153.9,8.788,31.136,100.859,183.211,119.5,2495.0,1341.0,239.7,13526.0,8693.0,149622.0,2.2,3.8,202.3,252.594,14162.9,104.0007,97.5,507073.0,1181.0,205.111,1.0,0.0,1.0,1.6667,,32.6,34.6,35.2,35.5,34.6,31.7,32.6,32.9,33.6,35.0,33.3,33.7,33.3,32.6,33.8,33.7,30.2,33.9,32.7,32.3,32.3,34.1,398.5995535714285,349.3897321428572,319.8638392857143,0.0502
2018-12-31,45.972,26.615,22.812,135.437,7.282,26.017,94.521,165.533,116.6,2494.0,1383.0,242.0,13501.0,8559.0,149805.0,2.27,3.9,201.0,252.767,14051.6,103.9946,98.3,496683.0,1095.0,204.703,1.5,2.0,1.5714,,1.0,30.0,33.2,34.3,34.3,33.2,29.5,30.8,32.8,32.3,33.2,31.2,31.7,32.2,29.9,31.0,31.6,28.3,32.3,30.7,30.8,30.8,31.5,398.5995535714285,349.3897321428572,319.8638392857143,0.0
2019-01-31,54.757,32.622,25.206,151.92,10.142,29.051,97.247,170.166,96.5,2557.0,1530.0,242.3,13509.0,8698.0,150114.0,2.4,4.0,199.1,252.718,14088.4,103.373,91.2,499639.0,1232.0,204.209,1.75,1.3333,1.25,1.3333,0.75,18.7,21.0,22.5,23.2,21.0,18.5,20.5,19.9,22.5,22.5,23.3,21.6,21.8,19.1,21.1,21.9,18.0,22.1,20.4,18.1,18.1,21.0,369.0736607142857,319.8638392857143,290.33794642857146,-0.0836
2019-02-28,54.158,33.273,26.629,162.39,10.569,28.875,106.633,180.876,94.8,2526.0,1702.0,245.7,13630.0,8414.0,150092.0,2.4,3.8,199.2,253.322,14115.5,102.8292,93.8,500570.0,1128.0,204.439,,,0.75,2.0,1.0,21.3,25.9,27.1,28.1,25.9,20.7,23.9,22.3,24.4,26.2,24.9,25.7,23.7,22.6,23.5,24.2,20.4,27.8,22.1,22.0,22.0,25.6,349.3897321428572,319.8638392857143,290.33794642857146,-0.0178
2019-03-31,52.173,31.446,27.282,170.136,9.52,27.564,113.58,193.762,101.2,2513.0,1612.0,249.2,13652.0,8441.0,150320.0,2.41,3.8,200.8,254.202,14240.1,102.8286,98.4,508402.0,1195.0,205.786,1.5,,1.5,,1.0,31.6,34.3,35.6,,34.3,32.2,33.5,32.3,34.4,35.1,33.2,33.3,32.7,32.0,34.3,33.1,31.5,34.4,34.0,33.7,33.7,33.1,369.0736607142857,339.54776785714284,310.021875,0.0619
2019-04-30,51.385,28.442,28.936,185.731,9.52,26.115,120.976,214.266,94.7,2555.0,1516.0,248.1,13562.0,8633.0,150563.0,2.42,3.6,202.1,255.211,14278.3,102.2481,97.2,508687.0,1267.0,207.698,1.25,1.25,1.1818,2.0,1.75,48.2,49.7,51.0,48.2,49.7,46.9,48.7,47.9,49.5,50.3,47.4,48.5,49.2,47.6,49.3,48.8,45.8,50.0,48.8,49.3,49.3,48.0,344.46875,316.91125,285.4169642857143,-0.0709
2019-05-31,43.219,22.579,24.658,177.647,8.331,20.741,119.825,203.258,82.3,2574.0,1439.0,243.3,13554.0,8703.0,150630.0,2.39,3.7,201.7,255.29,14340.8,102.4192,100.0,512334.0,1307.0,209.361,0.75,1.25,1.1667,,2.0,56.0,58.0,59.5,55.9,58.0,56.6,58.8,58.6,57.8,59.9,56.5,58.5,,56.2,58.8,57.3,56.3,61.5,59.0,58.2,58.2,58.0,310.021875,287.3853571428571,255.89107142857145,-0.0989
2019-06-30,49.612,27.113,25.581,182.244,10.217,22.914,132.04,222.696,73.4,2570.0,1510.0,241.4,13416.0,8755.0,150797.0,2.38,3.6,200.3,255.159,14391.2,102.4893,98.2,513162.0,1228.0,210.598,0.6667,0.8,0.6667,,0.5,65.8,67.8,69.3,63.9,67.8,67.9,68.8,67.2,68.1,70.0,67.8,68.6,70.1,67.4,68.9,67.7,67.4,70.2,69.6,69.3,69.3,67.7,280.49598214285714,257.85946428571424,226.36517857142857,-0.1045
2019-07-31,49.321,28.513,25.889,174.738,10.207,22.014,133.04,239.768,78.9,2566.0,1397.0,245.1,13415.0,8339.0,150879.0,2.4,3.7,200.7,255.685,14471.8,102.0236,98.4,517547.0,1245.0,211.349,2.0,1.3333,1.2353,1.8333,1.2,74.7,77.1,78.3,75.1,77.1,76.3,76.2,76.9,75.7,77.2,76.0,75.7,76.2,75.5,75.7,76.4,75.1,75.7,77.0,77.5,77.5,74.8,275.575,257.85946428571424,216.5232142857143,-0.0203
2019-08-31,44.424,24.432,25.254,159.131,7.645,17.55,135.829,245.594,79.9,2555.0,1434.0,242.9,13520.0,8385.0,151111.0,2.13,3.7,199.2,256.059,14525.7,102.7754,89.8,521011.0,1367.0,211.708,2.0,0.0,1.0,1.3333,1.0,69.1,72.9,74.2,73.1,72.9,70.5,70.4,70.4,71.1,72.4,70.4,70.4,71.0,70.0,70.7,71.7,68.3,70.4,70.8,71.5,71.5,69.5,295.25892857142856,277.54339285714286,236.20714285714288,0.0796
2019-09-30,46.174,26.966,30.234,165.094,6.951,19.645,145.753,265.846,72.5,2527.0,1400.0,244.8,13514.0,8495.0,151318.0,2.04,3.5,198.4,256.511,14555.6,102.5315,93.2,518121.0,1300.0,211.886,0.3333,0.6667,1.0769,1.3333,1.5,66.1,69.4,71.0,69.3,69.4,66.8,68.1,67.2,68.7,69.9,67.7,68.0,68.2,67.4,68.4,68.6,65.9,69.0,68.2,68.5,68.5,67.1,255.89107142857145,248.0175,206.68125,-0.1216
2019-10-31,49.222,27.701,32.675,167.245,6.961,20.35,137.687,254.024,60.7,2545.0,1409.0,245.7,13427.0,8052.0,151447.0,1.83,3.6,198.6,257.244,14584.0,101.6022,95.5,519530.0,1332.0,211.979,1.75,1.5,0.8438,1.5714,1.5,49.1,50.9,52.8,52.5,50.9,50.1,51.4,50.4,52.1,53.6,50.8,52.1,51.5,50.4,52.0,51.8,49.0,52.7,51.3,49.9,49.9,51.1,216.5232142857143,213.570625,172.234375,-0.1531
2019-11-30,51.516,30.776,33.916,178.721,7.808,19.919,136.723,260.318,72.6,2548.0,1729.0,244.7,13409.0,7971.0,151662.0,1.55,3.6,199.0,257.803,14678.6,102.148,96.8,523313.0,1346.0,212.117,,2.0,0.6,2.0,2.0,32.0,34.8,36.4,36.8,34.8,30.9,32.7,32.3,34.3,35.3,32.8,33.6,33.7,31.8,33.2,33.7,30.3,33.6,33.0,33.3,33.3,34.1,236.20714285714288,233.25455357142852,191.91830357142857,0.0991
2019-12-31,51.443,31.059,34.319,179.302,8.208,21.054,139.073,271.769,86.4,2556.0,1332.0,247.9,13376.0,7906.0,151764.0,1.55,3.6,199.0,258.616,14741.3,101.884,99.3,525405.0,1551.0,212.248,0.0,1.0,1.0,1.6667,1.0,30.8,34.0,35.3,35.7,34.0,31.1,31.7,32.0,33.4,33.9,32.0,33.1,33.1,31.7,32.8,33.0,30.1,32.4,32.7,32.6,32.6,34.0,265.73303571428573,262.7804464285714,221.44419642857144,0.1351
2020-01-31,43.719,27.454,31.426,192.307,6.86,13.655,136.793,256.375,93.5,2531.0,1329.0,252.6,13397.0,7281.0,152098.0,1.55,3.5,199.3,259.037,14815.7,101.3768,99.8,524991.0,1572.0,212.409,1.0,1.5,1.2857,0.8,1.35,27.3,30.1,31.4,31.8,30.1,25.9,28.2,28.4,29.1,30.8,29.1,30.6,29.5,27.2,28.3,29.3,25.4,30.2,27.4,28.3,28.3,30.2,295.25892857142856,292.3063392857143,250.9700892857143,0.1189
2020-02-29,38.067,24.468,28.436,168.422,5.718,13.576,116.153,221.126,89.8,2490.0,1284.0,250.4,13160.0,7406.0,152371.0,1.58,3.5,196.7,259.248,14810.7,101.633,101.0,525359.0,1565.0,213.229,1.3333,,1.5,0.25,2.0,26.1,30.2,29.8,30.4,30.2,24.8,27.1,27.3,28.2,29.9,27.7,,28.5,26.8,28.2,28.2,24.0,28.5,27.6,26.5,26.5,28.1,285.4169642857143,272.6224107142857,231.28616071428573,-0.0597
2020-03-31,33.16,20.71,19.717,135.444,3.888,6.03,104.653,184.343,85.3,2513.0,1235.0,251.1,13409.0,6986.0,150944.0,0.65,4.4,193.1,258.124,13793.0,97.6672,89.1,478099.0,1267.0,215.207,1.3333,0.75,1.6,1.0,1.8571,38.1,42.8,42.5,41.5,42.8,37.6,39.3,39.1,40.6,41.4,39.5,39.7,38.7,39.0,,39.5,37.3,40.8,40.0,40.9,40.9,38.7,295.25892857142856,272.6224107142857,231.28616071428573,0.0115
2020-04-30,38.383,22.578,25.139,158.729,4.311,7.977,109.398,185.317,77.6,2488.0,1049.0,244.3,13066.0,5723.0,130430.0,0.05,14.7,185.5,256.092,12228.3,84.5979,71.8,408187.0,925.0,217.254,1.0,1.2,1.1667,1.4,1.8,45.2,48.4,48.5,45.9,48.4,44.9,45.9,45.5,45.9,47.2,46.2,45.1,46.7,45.3,47.0,46.1,44.7,46.3,46.8,47.6,47.6,44.7,265.73303571428573,223.41258928571423,182.07633928571428,-0.1644
2020-05-31,39.38,24.708,26.398,165.399,5.22,9.015,104.895,187.129,79.3,2455.0,1061.0,239.2,12607.0,6047.0,133055.0,0.05,13.2,188.6,255.868,13251.4,85.9732,72.3,485791.0,1054.0,218.504,,,2.0,0.6667,2.0,57.5,59.9,59.9,57.3,59.9,57.4,58.8,58.2,57.3,59.9,,58.2,,58.1,59.2,57.8,57.8,58.6,59.1,59.4,59.4,57.4,305.10089285714287,260.8120535714286,211.60223214285716,0.1592
2020-06-30,38.588,24.271,25.187,163.792,5.52,11.002,112.564,201.797,78.5,2426.0,1278.0,243.0,12343.0,6667.0,137620.0,0.08,11.0,191.2,256.986,14027.1,91.5625,78.1,527459.0,1266.0,219.83,0.0,,1.0,2.0,1.0,69.8,74.0,74.3,69.4,74.0,72.1,72.9,71.4,71.8,73.3,,72.1,71.7,70.4,71.8,72.1,71.6,72.2,73.4,73.3,73.3,72.0,314.9428571428571,250.9700892857143,211.60223214285716,-0.0018
2020-07-31,39.483,25.752,27.1,179.315,5.18,12.725,114.089,202.393,76.7,2392.0,1251.0,252.0,12127.0,6856.0,139064.0,0.09,10.2,193.0,258.278,14285.1,95.0144,72.5,535844.0,1529.0,221.585,0.6667,1.5,0.8889,1.25,1.7273,74.8,79.2,78.9,77.2,79.2,75.1,75.6,76.9,76.4,76.9,75.6,75.2,75.2,76.0,75.0,76.0,74.3,74.5,76.7,76.9,76.9,74.6,275.575,231.28616071428573,201.76026785714285,-0.0833
2020-08-31,42.787,27.734,30.512,198.272,6.58,14.31,116.596,198.183,82.5,2383.0,1218.0,262.2,12112.0,7415.0,140799.0,0.1,8.4,194.3,259.411,14428.4,95.8881,74.1,541193.0,1377.0,224.064,2.0,2.0,1.0,1.0,1.0,71.6,76.8,76.1,75.2,76.8,71.5,,72.9,72.5,73.2,72.3,70.9,73.5,72.2,72.4,72.7,70.4,70.4,72.7,73.9,73.9,70.5,255.89107142857145,231.28616071428573,201.76026785714285,-0.0238
2020-09-30,42.222,26.898,26.658,200.611,6.42,11.384,132.041,230.556,92.2,2379.0,1180.0,267.3,12261.0,7723.0,141760.0,0.09,7.9,195.5,260.029,14655.0,95.8444,80.4,551970.0,1463.0,226.817,,,1.5,1.625,1.75,61.7,66.3,66.3,66.0,66.3,60.9,63.4,63.6,64.4,65.2,63.9,63.3,65.1,62.1,63.2,64.2,61.3,63.8,63.8,63.3,63.3,62.8,285.4169642857143,275.575,241.128125,0.1673
2020-10-31,45.346,29.825,30.753,196.045,8.28,12.646,141.101,260.913,93.0,2341.0,1352.0,268.3,12362.0,7948.0,142479.0,0.09,6.9,196.5,260.286,14702.5,96.4292,81.8,549765.0,1537.0,229.83,0.6667,1.0,0.8,2.0,1.4,46.9,51.5,51.8,50.9,51.5,47.5,49.2,49.2,49.2,51.1,48.9,49.7,51.3,47.4,49.0,50.3,48.1,50.5,49.5,49.4,49.4,50.0,285.4169642857143,275.575,241.128125,0.0
2020-11-30,50.986,34.306,33.858,222.201,11.01,19.479,136.045,260.208,94.1,2333.0,1320.0,272.0,12456.0,8505.0,142743.0,0.09,6.7,198.3,260.813,14675.8,96.8564,76.9,544839.0,1545.0,232.337,1.0,2.0,1.25,1.4,1.5,,47.4,47.4,47.6,47.4,42.4,45.1,45.1,44.9,46.3,44.9,44.6,46.5,44.8,45.0,44.9,42.3,44.7,45.4,45.6,45.6,44.7,295.25892857142856,285.4169642857143,250.9700892857143,0.037
2020-12-31,50.502,34.931,33.877,223.706,14.56,22.562,144.838,278.76,123.2,2337.0,1228.0,280.3,12727.0,9073.0,142475.0,0.09,6.7,200.5,262.035,14801.8,97.9754,80.7,550198.0,1663.0,234.39,1.4,2.0,1.5,1.5,1.0,29.7,32.8,33.3,33.5,32.8,29.3,30.3,30.5,31.0,32.4,30.5,31.2,30.9,29.2,30.4,31.1,28.2,30.1,29.4,31.4,31.4,31.9,373.9946428571429,364.15267857142857,329.7058035714286,0.2854
2021-01-31,46.63,32.693,33.733,222.774,15.34,17.619,145.648,282.137,155.7,2370.0,1365.0,286.4,13223.0,9492.0,142969.0,0.09,6.3,204.8,262.65,15047.3,98.7836,79.0,569309.0,1602.0,236.468,1.25,1.5714,1.5,1.0,1.7273,24.2,29.2,29.9,30.4,29.2,23.7,27.0,26.2,27.3,28.0,26.6,27.3,26.7,24.8,25.5,26.9,22.2,27.4,25.0,26.6,26.6,27.2,472.4142857142857,452.73035714285714,418.2834821428572,0.2584
2021-02-28,57.242,39.666,37.867,237.311,13.34,24.03,163.081,330.69,130.0,2428.0,1308.0,288.7,13673.0,9974.0,143544.0,0.08,6.2,210.6,263.638,14948.2,95.3744,76.8,554929.0,1422.0,239.252,1.8,1.0,1.5,0.6667,1.0,14.9,20.2,20.8,21.6,20.2,12.9,15.6,15.8,16.9,16.5,16.7,16.6,16.4,14.9,15.1,18.5,11.5,16.8,14.3,15.6,15.6,17.2,472.4142857142857,393.6785714285714,369.0736607142857,-0.0827
2021-03-31,76.811,48.423,40.693,253.828,20.11,31.802,165.162,330.218,146.2,2489.0,1395.0,294.5,11609.0,7681.0,144328.0,0.07,6.1,215.0,264.914,15657.6,98.1351,84.9,615573.0,1700.0,244.249,1.5,1.5,1.25,1.5714,1.9,40.8,44.2,45.0,43.4,44.2,40.1,42.9,41.1,,43.6,41.0,42.1,,39.3,42.8,42.5,39.8,,42.7,42.8,42.8,41.7,541.3080357142857,442.8883928571428,418.2834821428572,0.1347
2021-04-30,79.122,51.996,44.904,263.962,17.86,35.864,174.451,347.23,138.5,2497.0,1375.0,304.5,12069.0,8228.0,144614.0,0.07,6.1,217.9,266.67,15854.1,98.2886,88.3,620556.0,1484.0,249.856,1.4,1.4167,1.6667,1.6667,1.3333,49.6,51.9,52.3,,51.9,49.0,49.5,49.7,51.2,50.5,49.3,49.2,,50.0,50.6,49.5,47.9,,50.9,52.5,52.5,48.0,541.3080357142857,423.2044642857143,398.5995535714285,-0.0305
2021-05-31,98.628,59.869,48.989,265.531,20.12,38.83,179.423,357.584,149.2,2534.0,1471.0,326.6,12423.0,9348.0,145096.0,0.06,5.8,224.9,268.444,15890.0,99.1508,82.9,615378.0,1600.0,255.481,1.6,2.0,1.5,1.2857,1.5,57.7,60.2,60.3,,60.2,58.2,59.4,57.8,58.0,,57.8,57.8,,58.4,59.9,57.9,58.5,,59.6,60.8,60.8,57.3,541.3080357142857,442.8883928571428,418.2834821428572,0.032
2021-06-30,92.27,57.155,47.316,251.757,21.56,36.06,170.713,346.474,171.4,2588.0,1510.0,327.9,12787.0,9285.0,145789.0,0.08,5.9,228.9,270.559,16108.5,99.5096,85.5,621612.0,1661.0,261.206,1.5,1.3333,1.2,1.45,,70.9,74.3,75.1,72.2,74.3,,72.1,73.4,72.2,73.4,71.8,72.3,,72.4,71.4,72.1,71.7,,73.2,75.5,75.5,71.9,600.3598214285714,492.0982142857143,467.49330357142856,0.1126
2021-07-31,100.48,62.082,48.787,244.567,25.0,39.3,176.519,357.79,166.048,2634.0,1545.0,329.521,13263.0,10160.0,146558.0,0.1,5.4,231.85,271.764,16150.8,100.1231,81.2,612394.0,1593.0,265.545,1.5,1.6,1.5455,1.1333,1.6923,71.3,74.4,75.5,73.6,74.4,72.5,72.0,73.2,73.3,73.6,72.9,72.2,,72.5,72.2,73.4,71.2,,72.5,74.8,74.8,71.8,620.04375,492.0982142857143,467.49330357142856,0.0109
2021-08-31,113.559,65.01,50.652,240.497,23.47,43.43,182.344,375.468,161.79,2636.0,1514.0,332.989,13623.0,10002.0,147221.0,0.09,5.2,233.415,272.87,16305.6,100.1255,70.3,617658.0,1576.0,268.821,1.1667,1.5,1.5,1.3333,1.5,73.0,77.1,77.9,76.8,77.1,,,76.2,74.4,75.4,74.6,73.9,,74.5,74.3,75.3,,,74.4,75.1,75.1,73.5,620.04375,472.4142857142857,447.809375,-0.0274
2021-09-30,95.138,56.331,48.374,227.919,19.81,47.904,166.225,337.035,153.695,2731.0,1555.0,334.799,13943.0,10142.0,147778.0,0.08,4.8,235.678,274.028,16398.9,99.0614,72.8,622104.0,1560.0,271.474,1.4,1.5,1.0,1.4,1.5,66.5,70.3,71.5,70.3,70.3,,67.4,67.7,68.5,69.7,67.8,67.6,,66.6,69.2,68.8,,,68.1,68.9,68.9,67.3,570.8339285714286,462.57232142857146,423.2044642857143,-0.0517
2021-10-31,108.276,63.921,52.95,279.171,24.11,44.977,186.821,387.5,155.766,2765.0,1571.0,337.114,14493.0,10421.0,148559.0,0.08,4.5,240.465,276.522,16613.8,100.3045,71.7,632065.0,1572.0,273.682,1.75,1.5714,1.3,1.4375,1.9,57.2,59.7,60.7,60.5,59.7,57.8,57.6,57.3,59.8,59.9,58.0,58.3,,57.2,58.0,58.6,57.2,,58.5,57.9,57.9,57.9,551.15,472.4142857142857,423.2044642857143,-0.0044
2021-11-30,103.049,57.846,53.738,252.706,20.35,45.644,188.315,398.025,175.551,2810.0,1633.0,340.495,14897.0,10201.0,149173.0,0.08,4.2,243.287,278.711,16741.6,101.1971,67.4,639228.0,1712.0,276.049,1.0,1.0,1.0,2.0,1.3333,37.1,40.3,40.7,41.6,40.3,37.3,37.7,38.8,,39.2,38.0,,39.4,37.1,38.9,38.1,36.7,,38.3,38.6,38.6,38.2,570.8339285714286,531.4660714285715,472.4142857142857,0.0923
2021-12-31,110.701,60.042,57.96,284.689,21.77,58.446,204.352,435.166,170.285,2862.0,1670.0,331.385,15410.0,11376.0,149742.0,0.08,3.9,241.338,280.887,16799.2,100.886,70.6,635598.0,1787.0,278.63,1.3333,,1.3333,1.8,1.5,33.4,38.0,39.4,38.4,38.0,34.1,35.3,34.7,36.5,37.4,35.0,34.6,37.0,33.0,34.8,36.1,32.6,,35.1,34.9,34.9,36.1,570.8339285714286,531.4660714285715,472.4142857142857,0.0
2022-01-31,98.766,53.931,52.997,260.094,17.14,55.63,187.351,384.391,153.255,2867.0,1621.0,344.042,14997.0,10822.0,150106.0,0.08,4.0,246.453,282.599,16888.6,101.0227,67.2,644750.0,1669.0,282.015,1.5,1.5,1.5,1.25,1.5455,,20.6,22.7,21.9,20.6,14.3,17.3,16.6,18.1,19.3,17.5,,,16.0,16.8,18.6,14.7,,16.4,16.8,16.8,18.5,511.7821428571429,472.4142857142857,403.5205357142857,-0.1201
2022-02-28,128.201,68.559,45.331,245.301,22.36,73.906,178.628,374.789,154.338,2883.0,1553.0,355.293,15769.0,10726.0,151010.0,0.08,3.8,252.66,284.61,16999.7,101.6766,62.8,653552.0,1771.0,287.258,1.6,,,1.2,1.4,22.4,27.4,29.2,27.6,27.4,21.2,22.8,22.8,24.4,24.4,24.2,24.9,24.6,22.8,23.3,24.8,20.4,,23.3,25.0,25.0,24.4,487.1772321428571,472.4142857142857,403.5205357142857,-0.016
2022-03-31,144.788,81.042,43.844,273.958,32.21,88.316,181.239,380.814,188.058,2898.0,1721.0,369.53,16259.0,11482.0,151424.0,0.2,3.6,260.014,287.472,17203.6,102.478,59.4,667050.0,1713.0,295.081,1.3333,2.0,1.0,1.3,1.6364,37.4,40.7,42.6,39.1,40.7,36.5,39.0,37.9,39.4,40.8,41.0,39.2,38.3,37.4,38.8,38.8,36.9,,39.1,39.4,39.4,38.5,674.1745535714285,605.2808035714286,526.5450892857143,0.3233
2022-04-30,151.261,83.633,48.181,247.698,25.49,66.583,169.981,350.469,183.767,2933.0,1717.0,374.62,16345.0,11201.0,151678.0,0.33,3.6,265.31,288.611,17310.5,102.7953,65.2,675899.0,1803.0,301.728,2.0,1.25,1.3333,1.4,1.1875,43.6,47.0,49.4,45.9,47.0,43.6,45.3,45.1,45.3,46.3,44.2,45.5,45.5,43.7,45.7,44.8,43.4,,46.1,46.0,46.0,44.3,747.9892857142858,605.2808035714286,506.8611607142857,0.024
2022-05-31,129.449,83.272,49.89,230.197,23.18,60.612,162.661,335.786,147.098,2995.0,1635.0,359.449,16547.0,11312.0,152042.0,0.77,3.6,273.251,291.268,17384.8,102.7769,58.4,674915.0,1543.0,306.506,1.4,1.2,0.5,2.0,1.6667,60.8,63.7,66.0,60.4,63.7,61.3,63.2,62.4,61.5,63.8,,,,61.2,62.0,62.4,61.0,,64.6,63.5,63.5,62.5,674.1745535714285,531.4660714285715,433.0464285714286,-0.1221
2022-06-30,102.036,64.517,47.885,219.343,15.37,44.838,140.546,296.589,133.926,2973.0,1551.0,349.768,16841.0,11061.0,152412.0,1.21,3.6,280.251,294.728,17550.0,102.6863,50.0,680515.0,1561.0,308.301,1.375,,1.3333,1.5,1.0,68.8,72.2,75.0,70.4,72.2,70.9,70.9,70.3,71.1,72.3,71.2,,72.2,69.1,70.5,70.7,69.8,,71.6,71.2,71.2,70.4,600.3598214285714,482.25625,383.83660714285713,-0.1052
2022-07-31,133.33,76.343,53.494,242.388,17.71,50.062,163.522,348.961,115.864,2934.0,1428.0,328.077,16774.0,9798.0,152980.0,1.68,3.5,272.274,294.628,17556.4,103.1328,51.5,675822.0,1371.0,307.136,1.2222,2.0,1.3077,1.2222,2.0,71.7,75.3,77.7,73.9,75.3,71.7,72.0,74.4,73.7,74.5,73.5,72.9,72.3,72.5,72.5,73.7,71.2,,72.8,74.0,74.0,72.7,467.49330357142856,452.73035714285714,354.3107142857143,-0.1198
2022-08-31,130.522,79.127,51.914,234.629,17.27,48.675,164.669,344.63,91.958,2989.0,1605.0,331.827,16801.0,9842.0,153332.0,2.33,3.7,269.546,295.32,17692.2,103.2344,58.2,680252.0,1505.0,303.686,1.4,,1.0,1.4,1.1667,70.0,74.4,76.8,73.3,74.4,70.6,70.0,71.9,72.1,73.0,72.1,71.1,70.8,70.9,71.1,72.3,69.2,,71.2,72.1,72.1,70.5,398.5995535714285,428.1254464285714,324.78482142857143,-0.095
2022-09-30,105.044,69.549,46.205,203.325,13.47,33.179,156.337,319.848,99.317,2991.0,1645.0,326.599,16677.0,9891.0,153682.0,2.56,3.5,267.898,296.539,17804.0,103.5283,58.6,679379.0,1463.0,300.503,1.0,0.0,1.0,1.3333,1.2727,63.3,67.4,70.0,67.5,67.4,64.3,63.8,65.0,65.6,67.1,65.5,64.6,66.0,64.7,65.4,65.9,63.4,,64.2,64.5,64.5,63.8,378.915625,418.2834821428572,300.1799107142857,-0.0494
2022-10-31,129.597,92.627,54.525,221.189,12.99,38.473,162.275,333.642,96.574,3043.0,1641.0,316.794,16587.0,10103.0,154006.0,3.08,3.7,265.061,297.987,17915.1,103.4114,59.9,687498.0,1432.0,298.727,1.5,1.5714,1.7143,1.1818,1.2105,50.0,54.0,56.3,54.7,54.0,50.4,51.4,51.0,52.3,52.7,50.0,51.5,52.8,50.3,51.2,51.9,49.9,,50.5,51.2,51.2,50.9,349.3897321428572,378.915625,290.33794642857146,-0.0683
2022-11-30,147.915,102.357,53.241,248.761,15.48,49.54,181.734,363.929,98.929,3063.0,1633.0,326.811,16532.0,10069.0,154296.0,3.78,3.6,263.157,298.598,17892.5,103.0707,56.7,678482.0,1427.0,296.923,1.2,2.0,1.3333,1.0,1.8571,40.4,43.4,44.1,44.4,43.4,40.1,40.4,40.3,41.7,42.4,39.7,41.3,41.4,40.7,39.9,41.8,39.0,,41.0,40.2,40.2,40.4,319.8638392857143,359.2316964285714,270.65401785714283,-0.0681
2022-12-31,130.021,96.222,52.604,240.307,16.11,44.935,173.974,336.238,97.431,3081.0,1607.0,329.411,16615.0,10020.0,154535.0,4.1,3.5,257.897,298.99,17943.6,101.4848,59.8,673619.0,1357.0,294.415,1.5,0.6667,1.3333,1.3,1.0,25.0,29.1,29.5,30.0,29.1,24.3,26.9,26.0,27.1,27.8,24.8,27.9,27.6,25.5,26.2,26.9,23.6,,26.7,26.3,26.3,28.8,349.3897321428571,378.915625,290.3379464285714,0.0733
2023-01-31,167.362,119.22,58.07,239.712,21.35,51.625,182.141,357.797,121.474,3100.0,1638.0,339.468,16362.0,10458.0,155007.0,4.33,3.4,260.227,300.536,18229.6,102.5478,64.9,692501.0,1340.0,292.849,2.0,1.8333,1.25,1.4,0.9412,29.1,32.3,32.6,32.4,32.3,28.3,30.8,30.4,30.5,31.9,28.8,32.3,31.2,29.0,30.1,31.6,27.5,,29.8,28.9,28.9,33.6,408.44151785714286,408.44151785714286,329.70580357142853,0.1275
2023-02-28,165.797,124.626,56.426,219.243,21.33,48.364,179.736,358.026,125.821,3092.0,1732.0,335.011,16387.0,10113.0,155255.0,4.57,3.6,258.669,301.648,18296.5,102.5671,66.9,687942.0,1436.0,293.468,1.3333,1.0,1.4,1.0,2.0,28.6,33.9,34.4,34.5,33.9,28.2,31.4,29.1,31.1,32.6,29.1,32.8,31.1,28.6,30.7,31.9,27.7,,30.9,29.9,29.9,32.6,437.9674107142857,437.9674107142857,349.3897321428571,0.0681
2023-03-31,152.955,111.73,55.904,207.869,18.33,42.059,170.447,353.241,146.648,3103.0,1701.0,334.261,16291.0,10103.0,155472.0,4.65,3.5,257.062,301.808,18282.6,102.6592,62.0,681673.0,1380.0,297.316,1.5,1.0,1.0,1.2,1.2,35.3,38.8,39.2,38.0,38.8,35.3,36.9,36.0,36.0,37.4,35.0,36.9,37.0,35.6,37.0,36.4,35.8,,37.0,36.7,36.7,36.3,536.3870535714285,501.9401785714285,383.83660714285713,0.1565
2023-04-30,147.227,103.124,57.147,199.074,15.38,36.769,174.397,361.996,123.329,3112.0,1695.0,333.659,16226.0,10057.0,155689.0,4.83,3.4,256.908,302.918,18363.8,103.1512,63.7,684636.0,1348.0,301.469,1.3333,1.6,1.6,1.0,1.0,49.4,51.8,52.6,,51.8,49.3,50.1,49.1,49.8,51.3,48.2,50.3,50.0,49.1,50.6,50.7,48.2,,51.1,49.2,49.2,50.6,536.3870535714285,501.9401785714285,364.15267857142857,-0.0171
2023-05-31,131.211,91.169,52.217,204.124,13.88,31.403,194.693,396.721,117.179,3159.0,1662.0,333.262,16247.0,10276.0,155970.0,5.06,3.7,253.67,303.294,18407.8,102.8498,59.0,689158.0,1583.0,305.427,1.3333,0.5,1.4286,1.0,1.5,58.9,62.4,63.3,,62.4,60.8,62.0,59.6,61.0,62.3,58.7,62.1,59.9,58.7,61.4,59.8,61.0,,62.5,61.5,61.5,60.6,526.5450892857143,467.49330357142856,334.6267857142857,-0.056
2023-06-30,162.926,108.064,57.967,223.83,16.76,33.686,225.008,460.924,99.916,3153.0,1642.0,328.708,16091.0,10385.0,156075.0,5.08,3.6,253.908,303.841,18485.4,102.2924,64.2,690518.0,1418.0,308.307,1.6,0.0,1.5,1.0,1.5,66.7,70.8,71.7,,70.8,69.5,69.3,69.1,69.4,70.3,67.7,68.8,67.2,67.2,68.9,68.7,69.2,,70.5,69.6,69.6,68.1,472.4142857142857,408.44151785714286,305.10089285714287,-0.1058
